"","kingdom","phylum","class","order"
"4",0.214860879760978,0.169852705255841,0.209583232361578,0.182575779445377
"5",0.255216683799245,0.232345927247219,0.256840882115552,0.218200223505473
"6",0.248741025587877,0.240267752015291,0.259192584833821,0.217182250665659
"7",0.219476480188167,0.227996011873624,0.245200076062078,0.202587356654179
"8",0.187446498583983,0.210803465793782,0.228007944464738,0.187514760453986
"9",0.161092473319283,0.196236489103398,0.213392585360912,0.175699782716792
"10",0.139160626018334,0.179617928475284,0.198111438042028,0.163550654056594
