"","kingdom","phylum","class","order"
"4",0.279441560630278,0.238458949769608,0.264850941756494,0.233613018912031
"5",0.271622193325884,0.249337847842855,0.271651757378366,0.230806222545078
"6",0.253190418267429,0.240978703223726,0.259481026680386,0.217056658993598
"7",0.220231275633956,0.227570183362284,0.244780936752038,0.202241862350627
"8",0.187497066571661,0.210535116678888,0.227898948062246,0.187225675578903
